with numbers,Category,Group
"0:?""""Auto Repair""""","""""Auto Repair""""",Auto
"1:?""""Automotive""""","""""Automotive""""",Auto
"2:?""""Nightlife""""","""""Nightlife""""",Nightlife
"3:?""""Active Life""""","""""Active Life""""",Health
"4:?""""Mini Golf""""","""""Mini Golf""""","Arts, Entertainment & Events"
"5:?""""Golf""""","""""Golf""""","Arts, Entertainment & Events"
"6:?""""Fast Food""""","""""Fast Food""""",Restaurants
"7:?""""Restaurants""""","""""Restaurants""""",Restaurants
"8:?""""Shopping""""","""""Shopping""""",Shopping
"9:?""""Home Services""""","""""Home Services""""",Home & Local Services
"10:?""""Internet Service Providers""""","""""Internet Service Providers""""",Home & Local Services
"11:?""""Mobile Phones""""","""""Mobile Phones""""",Home & Local Services
"12:?""""Professional Services""""","""""Professional Services""""",Home & Local Services
"13:?""""Electronics""""","""""Electronics""""",Shopping
"14:?""""Trainers""""","""""Trainers""""",Health
"15:?""""Fitness \u0026 Instruction""""","""""Fitness \u0026 Instruction""""",Health
"16:?""""Tires""""","""""Tires""""",Auto
"17:?""""Bars""""","""""Bars""""",Nightlife
"18:?""""American (New)""""","""""American (New)""""",Restaurants
"19:?""""Lounges""""","""""Lounges""""",Nightlife
"20:?""""American (Traditional)""""","""""American (Traditional)""""",Restaurants
"21:?""""Veterinarians""""","""""Veterinarians""""",Health
"22:?""""Pets""""","""""Pets""""",Home & Local Services
"23:?""""Contractors""""","""""Contractors""""",Home & Local Services
"24:?""""Libraries""""","""""Libraries""""",Home & Local Services
"25:?""""Public Services \u0026 Government""""","""""Public Services \u0026 Government""""",Home & Local Services
"26:?""""Auto Parts \u0026 Supplies""""","""""Auto Parts \u0026 Supplies""""",Auto
"27:?""""Food""""","""""Food""""",Restaurants
"28:?""""Grocery""""","""""Grocery""""",Shopping
"29:?""""Burgers""""","""""Burgers""""",Restaurants
"30:?""""Breakfast \u0026 Brunch""""","""""Breakfast \u0026 Brunch""""",Restaurants
"31:?""""Local Services""""","""""Local Services""""",other
"32:?""""Dry Cleaning \u0026 Laundry""""","""""Dry Cleaning \u0026 Laundry""""",Home & Local Services
"33:?""""Sewing \u0026 Alterations""""","""""Sewing \u0026 Alterations""""",Home & Local Services
"34:?""""Gas \u0026 Service Stations""""","""""Gas \u0026 Service Stations""""",Auto
"35:?""""Sandwiches""""","""""Sandwiches""""",Restaurants
"36:?""""Cafes""""","""""Cafes""""",Restaurants
"37:?""""","""""",other
"38:?""""Hotels \u0026 Travel""""","""""Hotels \u0026 Travel""""",Travel & Hotel
"39:?""""Event Planning \u0026 Services""""","""""Event Planning \u0026 Services""""","Arts, Entertainment & Events"
"40:?""""Hotels""""","""""Hotels""""",Travel & Hotel
"41:?""""Body Shops""""","""""Body Shops""""",Auto
"42:?""""Pubs""""","""""Pubs""""",Nightlife
"43:?""""Irish""""","""""Irish""""",Restaurants
"44:?""""Health \u0026 Medical""""","""""Health \u0026 Medical""""",Health
"45:?""""Dentists""""","""""Dentists""""",Health
"46:?""""General Dentistry""""","""""General Dentistry""""",Health
"47:?""""Chinese""""","""""Chinese""""",Restaurants
"48:?""""Gyms""""","""""Gyms""""",Beauty & Fitness
"49:?""""Italian""""","""""Italian""""",Restaurants
"50:?""""Pizza""""","""""Pizza""""",Restaurants
"51:?""""Comfort Food""""","""""Comfort Food""""",Restaurants
"52:?""""Caterers""""","""""Caterers""""",Restaurants
"53:?""""Arts \u0026 Crafts""""","""""Arts \u0026 Crafts""""","Arts, Entertainment & Events"
"54:?""""Knitting Supplies""""","""""Knitting Supplies""""","Arts, Entertainment & Events"
"55:?""""Hobby Shops""""","""""Hobby Shops""""",Shopping
"56:?""""Gift Shops""""","""""Gift Shops""""",Shopping
"57:?""""Flowers \u0026 Gifts""""","""""Flowers \u0026 Gifts""""",Shopping
"58:?""""Home Decor""""","""""Home Decor""""",Home & Local Services
"59:?""""Home \u0026 Garden""""","""""Home \u0026 Garden""""",Home & Local Services
"60:?""""Department Stores""""","""""Department Stores""""",Shopping
"61:?""""Fashion""""","""""Fashion""""",Shopping
"62:?""""Building Supplies""""","""""Building Supplies""""",other
"63:?""""Hardware Stores""""","""""Hardware Stores""""",Shopping
"64:?""""Nurseries \u0026 Gardening""""","""""Nurseries \u0026 Gardening""""",Home & Local Services
"65:?""""Coffee \u0026 Tea""""","""""Coffee \u0026 Tea""""",Restaurants
"66:?""""Pet Services""""","""""Pet Services""""",Home & Local Services
"67:?""""Pet Boarding/Pet Sitting""""","""""Pet Boarding/Pet Sitting""""",Home & Local Services
"68:?""""Arts \u0026 Entertainment""""","""""Arts \u0026 Entertainment""""","Arts, Entertainment & Events"
"69:?""""Arcades""""","""""Arcades""""","Arts, Entertainment & Events"
"70:?""""Breweries""""","""""Breweries""""",Restaurants
"71:?""""Comedy Clubs""""","""""Comedy Clubs""""","Arts, Entertainment & Events"
"72:?""""Swimming Pools""""","""""Swimming Pools""""",Beauty & Fitness
"73:?""""Books""","""""Books""",Shopping
"74:?"" Mags""",""" Mags""",Shopping
"75:?"" Music \u0026 Video""""",""" Music \u0026 Video""""","Arts, Entertainment & Events"
"76:?""""Bookstores""""","""""Bookstores""""",Shopping
"77:?""""Mattresses""""","""""Mattresses""""",Shopping
"78:?""""Airport Shuttles""""","""""Airport Shuttles""""",Home & Local Services
"79:?""""Limos""""","""""Limos""""",Travel & Hotel
"80:?""""Transportation""""","""""Transportation""""",Travel & Hotel
"81:?""""Cosmetics \u0026 Beauty Supply""""","""""Cosmetics \u0026 Beauty Supply""""",Shopping
"82:?""""Beauty \u0026 Spas""""","""""Beauty \u0026 Spas""""",Beauty & Fitness
"83:?""""Lingerie""""","""""Lingerie""""",Shopping
"84:?""""Gluten-Free""""","""""Gluten-Free""""",Restaurants
"85:?""""Women's Clothing""""","""""Women's Clothing""""",Shopping
"86:?""""Shoe Stores""""","""""Shoe Stores""""",Shopping
"87:?""""Asian Fusion""""","""""Asian Fusion""""",Restaurants
"88:?""""Soup""""","""""Soup""""",Restaurants
"89:?""""Salad""""","""""Salad""""",Restaurants
"90:?""""Men's Clothing""""","""""Men's Clothing""""",Shopping
"91:?""""Formal Wear""""","""""Formal Wear""""",Shopping
"92:?""""Discount Store""""","""""Discount Store""""",Shopping
"93:?""""Diners""""","""""Diners""""",Restaurants
"94:?""""Children's Clothing""""","""""Children's Clothing""""",Shopping
"95:?""""Seafood""""","""""Seafood""""",Restaurants
"96:?""""Sporting Goods""""","""""Sporting Goods""""",Shopping
"97:?""""Sports Wear""""","""""Sports Wear""""",Shopping
"98:?""""Bikes""""","""""Bikes""""",Shopping
"99:?""""Bakeries""""","""""Bakeries""""",Restaurants
"100:?""""Desserts""""","""""Desserts""""",Restaurants
"101:?""""Tattoo""""","""""Tattoo""""",Beauty & Fitness
"102:?""""Piercing""""","""""Piercing""""",Beauty & Fitness
"103:?""""Sports Bars""""","""""Sports Bars""""",Restaurants
"104:?""""Japanese""""","""""Japanese""""",Restaurants
"105:?""""Specialty Food""""","""""Specialty Food""""",Restaurants
"106:?""""Meat Shops""""","""""Meat Shops""""",Restaurants
"107:?""""Oil Change Stations""""","""""Oil Change Stations""""",Auto
"108:?""""Florists""""","""""Florists""""",Shopping
"109:?""""Nail Salons""""","""""Nail Salons""""",Beauty & Fitness
"110:?""""Hair Salons""""","""""Hair Salons""""",Beauty & Fitness
"111:?""""Car Dealers""""","""""Car Dealers""""",Auto
"112:?""""Thrift Stores""""","""""Thrift Stores""""",Shopping
"113:?""""Ice Cream \u0026 Frozen Yogurt""""","""""Ice Cream \u0026 Frozen Yogurt""""",Restaurants
"114:?""""Pet Groomers""""","""""Pet Groomers""""",Home & Local Services
"115:?""""Beer""","""""Beer""",Nightlife
"116:?"" Wine \u0026 Spirits""""",""" Wine \u0026 Spirits""""",Shopping
"117:?""""Barbers""""","""""Barbers""""",Beauty & Fitness
"118:?""""Tapas/Small Plates""""","""""Tapas/Small Plates""""",Restaurants
"119:?""""Drugstores""""","""""Drugstores""""",Shopping
"120:?""""Animal Shelters""""","""""Animal Shelters""""",Home & Local Services
"121:?""""Real Estate Services""""","""""Real Estate Services""""",other
"122:?""""Real Estate""""","""""Real Estate""""",other
"123:?""""Furniture Stores""""","""""Furniture Stores""""",Shopping
"124:?""""Pet Stores""""","""""Pet Stores""""",Shopping
"125:?""""Barbeque""""","""""Barbeque""""",Restaurants
"126:?""""Chiropractors""""","""""Chiropractors""""",Health
"127:?""""Performing Arts""""","""""Performing Arts""""","Arts, Entertainment & Events"
"128:?""""Keys \u0026 Locksmiths""""","""""Keys \u0026 Locksmiths""""",Home & Local Services
"129:?""""Security Systems""""","""""Security Systems""""",Home & Local Services
"130:?""""Property Management""""","""""Property Management""""",other
"131:?""""Apartments""""","""""Apartments""""",Home & Local Services
"132:?""""Travel Services""""","""""Travel Services""""",Travel & Hotel
"133:?""""Specialty Schools""""","""""Specialty Schools""""",Education
"134:?""""Education""""","""""Education""""",Education
"135:?""""Cooking Schools""""","""""Cooking Schools""""",Education
"136:?""""Art Schools""""","""""Art Schools""""",Education
"137:?""""Music Venues""""","""""Music Venues""""","Arts, Entertainment & Events"
"138:?""""Churches""""","""""Churches""""",Home & Local Services
"139:?""""Religious Organizations""""","""""Religious Organizations""""",Home & Local Services
"140:?""""Appliances""""","""""Appliances""""",Shopping
"141:?""""Shoe Repair""""","""""Shoe Repair""""",Shopping
"142:?""""Optometrists""""","""""Optometrists""""",Health
"143:?""""Party \u0026 Event Planning""""","""""Party \u0026 Event Planning""""","Arts, Entertainment & Events"
"144:?""""Transmission Repair""""","""""Transmission Repair""""",Auto
"145:?""""Tennis""""","""""Tennis""""",Beauty & Fitness
"146:?""""Mediterranean""""","""""Mediterranean""""",Restaurants
"147:?""""Wine Bars""""","""""Wine Bars""""",Restaurants
"148:?""""Recycling Center""""","""""Recycling Center""""",Home & Local Services
"149:?""""Health Markets""""","""""Health Markets""""",Shopping
"150:?""""Vegetarian""""","""""Vegetarian""""",Restaurants
"151:?""""Climbing""""","""""Climbing""""",Beauty & Fitness
"152:?""""Rock Climbing""""","""""Rock Climbing""""",Beauty & Fitness
"153:?""""Museums""""","""""Museums""""",Travel & Hotel
"154:?""""Landmarks \u0026 Historical Buildings""""","""""Landmarks \u0026 Historical Buildings""""",Travel & Hotel
"155:?""""Portuguese""""","""""Portuguese""""",Restaurants
"156:?""""Appliances \u0026 Repair""""","""""Appliances \u0026 Repair""""",Shopping
"157:?""""Skin Care""""","""""Skin Care""""",Beauty & Fitness
"158:?""""Banks \u0026 Credit Unions""""","""""Banks \u0026 Credit Unions""""",Home & Local Services
"159:?""""Financial Services""""","""""Financial Services""""",Home & Local Services
"160:?""""Motorcycle Dealers""""","""""Motorcycle Dealers""""",Auto
"161:?""""Computers""""","""""Computers""""",Shopping
"162:?""""Office Equipment""""","""""Office Equipment""""",Shopping
"163:?""""Photography Stores \u0026 Services""""","""""Photography Stores \u0026 Services""""",Shopping
"164:?""""German""""","""""German""""",Restaurants
"165:?""""Delis""""","""""Delis""""",Restaurants
"166:?""""Bed \u0026 Breakfast""""","""""Bed \u0026 Breakfast""""",Travel & Hotel
"167:?""""Notaries""""","""""Notaries""""",Home & Local Services
"168:?""""Dive Bars""""","""""Dive Bars""""",Restaurants
"169:?""""Cinema""""","""""Cinema""""","Arts, Entertainment & Events"
"170:?""""Chicken Wings""""","""""Chicken Wings""""",Restaurants
"171:?""""Leisure Centers""""","""""Leisure Centers""""",Beauty & Fitness
"172:?""""Hot Dogs""""","""""Hot Dogs""""",Restaurants
"173:?""""Educational Services""""","""""Educational Services""""",Education
"174:?""""Kids Activities""""","""""Kids Activities""""","Arts, Entertainment & Events"
"175:?""""Cultural Center""""","""""Cultural Center""""","Arts, Entertainment & Events"
"176:?""""Professional Sports Teams""""","""""Professional Sports Teams""""",Beauty & Fitness
"177:?""""Stadiums \u0026 Arenas""""","""""Stadiums \u0026 Arenas""""","Arts, Entertainment & Events"
"178:?""""Polish""""","""""Polish""""",Restaurants
"179:?""""Greek""""","""""Greek""""",Restaurants
"180:?""""Music \u0026 DVDs""""","""""Music \u0026 DVDs""""",Shopping
"181:?""""Videos \u0026 Video Game Rental""""","""""Videos \u0026 Video Game Rental""""",Shopping
"182:?""""Reflexology""""","""""Reflexology""""",Health
"183:?""""Reiki""""","""""Reiki""""",Health
"184:?""""DJs""""","""""DJs""""","Arts, Entertainment & Events"
"185:?""""Hair Extensions""""","""""Hair Extensions""""",Beauty & Fitness
"186:?""""Sushi Bars""""","""""Sushi Bars""""",Restaurants
"187:?""""Pool Halls""""","""""Pool Halls""""","Arts, Entertainment & Events"
"188:?""""Lighting Fixtures \u0026 Equipment""""","""""Lighting Fixtures \u0026 Equipment""""",Shopping
"189:?""""Heating \u0026 Air Conditioning/HVAC""""","""""Heating \u0026 Air Conditioning/HVAC""""",Shopping
"190:?""""Pediatric Dentists""""","""""Pediatric Dentists""""",Health
"191:?""""Cosmetic Dentists""""","""""Cosmetic Dentists""""",Health
"192:?""""Indian""""","""""Indian""""",Restaurants
"193:?""""Bowling""""","""""Bowling""""","Arts, Entertainment & Events"
"194:?""""Printing Services""""","""""Printing Services""""",Home & Local Services
"195:?""""Bridal""""","""""Bridal""""",Shopping
"196:?""""Endodontists""""","""""Endodontists""""",Health
"197:?""""Used""","""""Used""",other
"198:?"" Vintage \u0026 Consignment""""",""" Vintage \u0026 Consignment""""",Shopping
"199:?""""Mexican""""","""""Mexican""""",Restaurants
"200:?""""Tex-Mex""""","""""Tex-Mex""""",Restaurants
"201:?""""Day Spas""""","""""Day Spas""""",Beauty & Fitness
"202:?""""Beaches""""","""""Beaches""""",Home & Local Services
"203:?""""Kitchen \u0026 Bath""""","""""Kitchen \u0026 Bath""""",Shopping
"204:?""""Battery Stores""""","""""Battery Stores""""",Shopping
"205:?""""Bagels""""","""""Bagels""""",Restaurants
"206:?""""Tours""""","""""Tours""""",Travel & Hotel
"207:?""""Donuts""""","""""Donuts""""",Restaurants
"208:?""""Shopping Centers""""","""""Shopping Centers""""",Shopping
"209:?""""Venues \u0026 Event Spaces""""","""""Venues \u0026 Event Spaces""""","Arts, Entertainment & Events"
"210:?""""Cocktail Bars""""","""""Cocktail Bars""""",Restaurants
"211:?""""Public Transportation""""","""""Public Transportation""""",Travel & Hotel
"212:?""""Tapas Bars""""","""""Tapas Bars""""",Restaurants
"213:?""""Ethnic Food""""","""""Ethnic Food""""",Restaurants
"214:?""""Car Rental""""","""""Car Rental""""",Auto
"215:?""""Wholesale Stores""""","""""Wholesale Stores""""",Shopping
"216:?""""Middle Eastern""""","""""Middle Eastern""""",Restaurants
"217:?""""Hair Removal""""","""""Hair Removal""""",Beauty & Fitness
"218:?""""Hair Stylists""""","""""Hair Stylists""""",Beauty & Fitness
"219:?""""Art Galleries""""","""""Art Galleries""""","Arts, Entertainment & Events"
"220:?""""Steakhouses""""","""""Steakhouses""""",Restaurants
"221:?""""Cafeteria""""","""""Cafeteria""""",Restaurants
"222:?""""Doctors""""","""""Doctors""""",Health
"223:?""""Ophthalmologists""""","""""Ophthalmologists""""",Health
"224:?""""Eyewear \u0026 Opticians""""","""""Eyewear \u0026 Opticians""""",Health
"225:?""""Cards \u0026 Stationery""""","""""Cards \u0026 Stationery""""",Shopping
"226:?""""Gay Bars""""","""""Gay Bars""""",Restaurants
"227:?""""Community Service/Non-Profit""""","""""Community Service/Non-Profit""""",Home & Local Services
"228:?""""Candy Stores""""","""""Candy Stores""""",Shopping
"229:?""""Korean""""","""""Korean""""",Restaurants
"230:?""""Print Media""""","""""Print Media""""",Shopping
"231:?""""Mass Media""""","""""Mass Media""""",other
"232:?""""Midwives""""","""""Midwives""""",Health
"233:?""""Jewelry""""","""""Jewelry""""",Shopping
"234:?""""Newspapers \u0026 Magazines""""","""""Newspapers \u0026 Magazines""""",Shopping
"235:?""""Chocolatiers \u0026 Shops""""","""""Chocolatiers \u0026 Shops""""",Shopping
"236:?""""Massage""""","""""Massage""""",Beauty & Fitness
"237:?""""Car Wash""""","""""Car Wash""""",Auto
"238:?""""Opera \u0026 Ballet""""","""""Opera \u0026 Ballet""""","Arts, Entertainment & Events"
"239:?""""Carpet Cleaning""""","""""Carpet Cleaning""""",Home & Local Services
"240:?""""Carpeting""""","""""Carpeting""""",Home & Local Services
"241:?""""Rugs""""","""""Rugs""""",Shopping
"242:?""""Party Supplies""""","""""Party Supplies""""",Shopping
"243:?""""Souvenir Shops""""","""""Souvenir Shops""""",Shopping
"244:?""""Train Stations""""","""""Train Stations""""",Travel & Hotel
"245:?""""Furniture Reupholstery""""","""""Furniture Reupholstery""""",Home & Local Services
"246:?""""Furniture Repair""""","""""Furniture Repair""""",Home & Local Services
"247:?""""Fabric Stores""""","""""Fabric Stores""""",Shopping
"248:?""""Cheese Shops""""","""""Cheese Shops""""",Shopping
"249:?""""Karaoke""""","""""Karaoke""""","Arts, Entertainment & Events"
"250:?""""Vietnamese""""","""""Vietnamese""""",Restaurants
"251:?""""Thai""""","""""Thai""""",Restaurants
"252:?""""Vinyl Records""""","""""Vinyl Records""""",Shopping
"253:?""""Tanning""""","""""Tanning""""",Beauty & Fitness
"254:?""""Home Inspectors""""","""""Home Inspectors""""",Home & Local Services
"255:?""""Musical Instruments \u0026 Teachers""""","""""Musical Instruments \u0026 Teachers""""","Arts, Entertainment & Events"
"256:?""""Tobacco Shops""""","""""Tobacco Shops""""",Shopping
"257:?""""Acupuncture""""","""""Acupuncture""""",Health
"258:?""""Traditional Chinese Medicine""""","""""Traditional Chinese Medicine""""",Health
"259:?""""Hospitals""""","""""Hospitals""""",Health
"260:?""""Jewelry Repair""""","""""Jewelry Repair""""",Shopping
"261:?""""Accessories""""","""""Accessories""""",Shopping
"262:?""""Real Estate Agents""""","""""Real Estate Agents""""",Shopping
"263:?""""Antiques""""","""""Antiques""""",Shopping
"264:?""""Men's Hair Salons""""","""""Men's Hair Salons""""",Beauty & Fitness
"265:?""""Family Practice""""","""""Family Practice""""",Health
"266:?""""Tea Rooms""""","""""Tea Rooms""""",Restaurants
"267:?""""Dermatologists""""","""""Dermatologists""""",Health
"268:?""""Convenience Stores""""","""""Convenience Stores""""",Shopping
"269:?""""Toy Stores""""","""""Toy Stores""""",Shopping
"270:?""""Watches""""","""""Watches""""",Shopping
"271:?""""Peruvian""""","""""Peruvian""""",Restaurants
"272:?""""Latin American""""","""""Latin American""""",Restaurants
"273:?""""Shipping Centers""""","""""Shipping Centers""""",Shopping
"274:?""""Post Offices""""","""""Post Offices""""",Home & Local Services
"275:?""""Creperies""""","""""Creperies""""",Restaurants
"276:?""""French""""","""""French""""",Restaurants
"277:?""""Orthodontists""""","""""Orthodontists""""",Health
"278:?""""Skating Rinks""""","""""Skating Rinks""""","Arts, Entertainment & Events"
"279:?""""Ski \u0026 Snowboard Shops""""","""""Ski \u0026 Snowboard Shops""""","Arts, Entertainment & Events"
"280:?""""Plumbing""""","""""Plumbing""""",Home & Local Services
"281:?""""Windshield Installation \u0026 Repair""""","""""Windshield Installation \u0026 Repair""""",Auto
"282:?""""Taiwanese""""","""""Taiwanese""""",Restaurants
"283:?""""Pet Training""""","""""Pet Training""""",Home & Local Services
"284:?""""Luggage""""","""""Luggage""""",Shopping
"285:?""""Guitar Stores""""","""""Guitar Stores""""",Shopping
"286:?""""Musical Instrument Services""""","""""Musical Instrument Services""""",Shopping
"287:?""""Colleges \u0026 Universities""""","""""Colleges \u0026 Universities""""",Education
"288:?""""Do-It-Yourself Food""""","""""Do-It-Yourself Food""""",Restaurants
"289:?""""Gun/Rifle Ranges""""","""""Gun/Rifle Ranges""""","Arts, Entertainment & Events"
"290:?""""Guns \u0026 Ammo""""","""""Guns \u0026 Ammo""""",Shopping
"291:?""""Parks""""","""""Parks""""",Home & Local Services
"292:?""""Horseback Riding""""","""""Horseback Riding""""","Arts, Entertainment & Events"
"293:?""""Landscaping""""","""""Landscaping""""",Home & Local Services
"294:?""""Festivals""""","""""Festivals""""","Arts, Entertainment & Events"
"295:?""""Local Flavor""""","""""Local Flavor""""",Restaurants
"296:?""""Amateur Sports Teams""""","""""Amateur Sports Teams""""",Beauty & Fitness
"297:?""""Carpet Installation""""","""""Carpet Installation""""",Home & Local Services
"298:?""""Farmers Market""""","""""Farmers Market""""",Shopping
"299:?""""Pediatricians""""","""""Pediatricians""""",Health
"300:?""""Shades \u0026 Blinds""""","""""Shades \u0026 Blinds""""",Home & Local Services
"301:?""""Outdoor Gear""""","""""Outdoor Gear""""",Shopping
"302:?""""Hot Tub \u0026 Pool""""","""""Hot Tub \u0026 Pool""""",Shopping
"303:?""""Buffets""""","""""Buffets""""",Restaurants
"304:?""""Parking""""","""""Parking""""",other
"305:?""""Southern""""","""""Southern""""",Restaurants
"306:?""""Cajun/Creole""""","""""Cajun/Creole""""",Restaurants
"307:?""""Employment Agencies""""","""""Employment Agencies""""",other
"308:?""""Amusement Parks""""","""""Amusement Parks""""","Arts, Entertainment & Events"
"309:?""""Funeral Services \u0026 Cemeteries""""","""""Funeral Services \u0026 Cemeteries""""","Arts, Entertainment & Events"
"310:?""""Recreation Centers""""","""""Recreation Centers""""",Beauty & Fitness
"311:?""""Signmaking""""","""""Signmaking""""",other
"312:?""""Television Service Providers""""","""""Television Service Providers""""",Home & Local Services
"313:?""""Soul Food""""","""""Soul Food""""",Restaurants
"314:?""""Adult Entertainment""""","""""Adult Entertainment""""","Arts, Entertainment & Events"
"315:?""""Cabaret""""","""""Cabaret""""","Arts, Entertainment & Events"
"316:?""""Summer Camps""""","""""Summer Camps""""","Arts, Entertainment & Events"
"317:?""""Juice Bars \u0026 Smoothies""""","""""Juice Bars \u0026 Smoothies""""",Restaurants
"318:?""""Dance Clubs""""","""""Dance Clubs""""","Arts, Entertainment & Events"
"319:?""""Framing""""","""""Framing""""",Shopping
"320:?""""Tanning Beds""""","""""Tanning Beds""""",Shopping
"321:?""""Spray Tanning""""","""""Spray Tanning""""",Beauty & Fitness
"322:?""""Electricians""""","""""Electricians""""",Home & Local Services
"323:?""""Flea Markets""""","""""Flea Markets""""",Shopping
"324:?""""Auto Detailing""""","""""Auto Detailing""""",Auto
"325:?""""Weight Loss Centers""""","""""Weight Loss Centers""""",Beauty & Fitness
"326:?""""Caribbean""""","""""Caribbean""""",Restaurants
"327:?""""Botanical Gardens""""","""""Botanical Gardens""""",Travel & Hotel
"328:?""""Fondue""""","""""Fondue""""",Restaurants
"329:?""""Uniforms""""","""""Uniforms""""",Shopping
"330:?""""Obstetricians \u0026 Gynecologists""""","""""Obstetricians \u0026 Gynecologists""""",Health
"331:?""""Pilates""""","""""Pilates""""",Beauty & Fitness
"332:?""""Yoga""""","""""Yoga""""",Beauty & Fitness
"333:?""""Pakistani""""","""""Pakistani""""",Restaurants
"334:?""""Tax Services""""","""""Tax Services""""",Home & Local Services
"335:?""""Food Delivery Services""""","""""Food Delivery Services""""",Restaurants
"336:?""""Comic Books""""","""""Comic Books""""",Shopping
"337:?""""Ethiopian""""","""""Ethiopian""""",Restaurants
"338:?""""Jazz \u0026 Blues""""","""""Jazz \u0026 Blues""""","Arts, Entertainment & Events"
"339:?""""Dance Schools""""","""""Dance Schools""""",Education
"340:?""""Towing""""","""""Towing""""",Auto
"341:?""""Go Karts""""","""""Go Karts""""","Arts, Entertainment & Events"
"342:?""""Airports""""","""""Airports""""",Travel & Hotel
"343:?""""Hair Loss Centers""""","""""Hair Loss Centers""""",Beauty & Fitness
"344:?""""Country Dance Halls""""","""""Country Dance Halls""""","Arts, Entertainment & Events"
"345:?""""Ear Nose \u0026 Throat""""","""""Ear Nose \u0026 Throat""""",Health
"346:?""""Mortgage Brokers""""","""""Mortgage Brokers""""",other
"347:?""""Podiatrists""""","""""Podiatrists""""",Health
"348:?""""Electronics Repair""""","""""Electronics Repair""""",Shopping
"349:?""""Oral Surgeons""""","""""Oral Surgeons""""",Health
"350:?""""Roofing""""","""""Roofing""""",Home & Local Services
"351:?""""Wedding Planning""""","""""Wedding Planning""""","Arts, Entertainment & Events"
"352:?""""Persian/Iranian""""","""""Persian/Iranian""""",Restaurants
"353:?""""Hookah Bars""""","""""Hookah Bars""""",Restaurants
"354:?""""Popcorn Shops""""","""""Popcorn Shops""""",Shopping
"355:?""""Home Cleaning""""","""""Home Cleaning""""",Home & Local Services
"356:?""""Herbs \u0026 Spices""""","""""Herbs \u0026 Spices""""",Health
"357:?""""Organic Stores""""","""""Organic Stores""""",Shopping
"358:?""""Buddhist Temples""""","""""Buddhist Temples""""",other
"359:?""""Truck Rental""""","""""Truck Rental""""",Auto
"360:?""""Country Clubs""""","""""Country Clubs""""","Arts, Entertainment & Events"
"361:?""""Pest Control""""","""""Pest Control""""",Home & Local Services
"362:?""""Movers""""","""""Movers""""",Home & Local Services
"363:?""""Self Storage""""","""""Self Storage""""",Home & Local Services
"364:?""""Preschools""""","""""Preschools""""",Education
"365:?""""Child Care \u0026 Day Care""""","""""Child Care \u0026 Day Care""""",Education
"366:?""""Elementary Schools""""","""""Elementary Schools""""",Education
"367:?""""Surfing""""","""""Surfing""""",Beauty & Fitness
"368:?""""Community Centers""""","""""Community Centers""""","Arts, Entertainment & Events"
"369:?""""Laser Eye Surgery/Lasik""""","""""Laser Eye Surgery/Lasik""""",Health
"370:?""""Costumes""""","""""Costumes""""",Shopping
"371:?""""Medical Centers""""","""""Medical Centers""""",Health
"372:?""""First Aid Classes""""","""""First Aid Classes""""",Health
"373:?""""Sports Clubs""""","""""Sports Clubs""""",Beauty & Fitness
"374:?""""Radio Stations""""","""""Radio Stations""""","Arts, Entertainment & Events"
"375:?""""Swimwear""""","""""Swimwear""""",Shopping
"376:?""""Martial Arts""""","""""Martial Arts""""",Beauty & Fitness
"377:?""""Swimming Lessons/Schools""""","""""Swimming Lessons/Schools""""",Education
"378:?""""Waxing""""","""""Waxing""""",Beauty & Fitness
"379:?""""Eyelash Service""""","""""Eyelash Service""""",Beauty & Fitness
"380:?""""Hiking""""","""""Hiking""""",Beauty & Fitness
"381:?""""RV Parks""""","""""RV Parks""""",Travel & Hotel
"382:?""""Campgrounds""""","""""Campgrounds""""",Travel & Hotel
"383:?""""Cosmetic Surgeons""""","""""Cosmetic Surgeons""""",Beauty & Fitness
"384:?""""Laser Hair Removal""""","""""Laser Hair Removal""""",Beauty & Fitness
"385:?""""Massage Therapy""""","""""Massage Therapy""""",Beauty & Fitness
"386:?""""Television Stations""""","""""Television Stations""""","Arts, Entertainment & Events"
"387:?""""Garage Door Services""""","""""Garage Door Services""""",Home & Local Services
"388:?""""Watch Repair""""","""""Watch Repair""""",Shopping
"389:?""""Art Supplies""""","""""Art Supplies""""",Shopping
"390:?""""Pet Adoption""""","""""Pet Adoption""""",Shopping
"391:?""""Golf Lessons""""","""""Golf Lessons""""",Beauty & Fitness
"392:?""""Landscape Architects""""","""""Landscape Architects""""",Home & Local Services
"393:?""""Auto Customization""""","""""Auto Customization""""",Auto
"394:?""""Race Tracks""""","""""Race Tracks""""","Arts, Entertainment & Events"
"395:?""""Adult""""","""""Adult""""",Shopping
"396:?""""Taxis""""","""""Taxis""""",Travel & Hotel
"397:?""""Urgent Care""""","""""Urgent Care""""",Health
"398:?""""Bike Rentals""""","""""Bike Rentals""""",Beauty & Fitness
"399:?""""Lebanese""""","""""Lebanese""""",Restaurants
"400:?""""Internet Cafes""""","""""Internet Cafes""""",other
"401:?""""Boat Charters""""","""""Boat Charters""""","Arts, Entertainment & Events"
"402:?""""Auto Glass Services""""","""""Auto Glass Services""""",Auto
"403:?""""Boat Repair""""","""""Boat Repair""""",Auto
"404:?""""Video Game Stores""""","""""Video Game Stores""""",Shopping
"405:?""""Accountants""""","""""Accountants""""",Home & Local Services
"406:?""""University Housing""""","""""University Housing""""",Education
"407:?""""Insurance""""","""""Insurance""""",Home & Local Services
"408:?""""Payroll Services""""","""""Payroll Services""""",Home & Local Services
"409:?""""Car Stereo Installation""""","""""Car Stereo Installation""""",Auto
"410:?""""Boating""""","""""Boating""""",Home & Local Services
"411:?""""Mobile Dent Repair""""","""""Mobile Dent Repair""""",Shopping
"412:?""""Food Trucks""""","""""Food Trucks""""",Restaurants
"413:?""""Medical Supplies""""","""""Medical Supplies""""",Health
"414:?""""Social Clubs""""","""""Social Clubs""""","Arts, Entertainment & Events"
"415:?""""Spanish""""","""""Spanish""""",Restaurants
"416:?""""Lawyers""""","""""Lawyers""""",Home & Local Services
"417:?""""Real Estate Law""""","""""Real Estate Law""""",Shopping
"418:?""""Middle Schools \u0026 High Schools""""","""""Middle Schools \u0026 High Schools""""",Education
"419:?""""Divorce \u0026 Family Law""""","""""Divorce \u0026 Family Law""""",Home & Local Services
"420:?""""Physical Therapy""""","""""Physical Therapy""""",Health
"421:?""""Neurologist""""","""""Neurologist""""",Health
"422:?""""Cabinetry""""","""""Cabinetry""""",Home & Local Services
"423:?""""Gastroenterologist""""","""""Gastroenterologist""""",Health
"424:?""""Vocational \u0026 Technical School""""","""""Vocational \u0026 Technical School""""",Education
"425:?""""Adult Education""""","""""Adult Education""""",Education
"426:?""""Cheesesteaks""""","""""Cheesesteaks""""",Restaurants
"427:?""""Cardiologists""""","""""Cardiologists""""",Health
"428:?""""Internal Medicine""""","""""Internal Medicine""""",Health
"429:?""""Counseling \u0026 Mental Health""""","""""Counseling \u0026 Mental Health""""",Health
"430:?""""Psychiatrists""""","""""Psychiatrists""""",Health
"431:?""""Screen Printing/T-Shirt Printing""""","""""Screen Printing/T-Shirt Printing""""","Arts, Entertainment & Events"
"432:?""""Medical Spas""""","""""Medical Spas""""",Health
"433:?""""Fish \u0026 Chips""""","""""Fish \u0026 Chips""""",Restaurants
"434:?""""Salvadoran""""","""""Salvadoran""""",Restaurants
"435:?""""Flooring""""","""""Flooring""""",Home & Local Services
"436:?""""Orthopedists""""","""""Orthopedists""""",Health
"437:?""""Screen Printing""""","""""Screen Printing""""","Arts, Entertainment & Events"
"438:?""""Graphic Design""""","""""Graphic Design""""","Arts, Entertainment & Events"
"439:?""""Zoos""""","""""Zoos""""","Arts, Entertainment & Events"
"440:?""""Skate Shops""""","""""Skate Shops""""",Shopping
"441:?""""Life Coach""""","""""Life Coach""""",Beauty & Fitness
"442:?""""Career Counseling""""","""""Career Counseling""""",Education
"443:?""""Pawn Shops""""","""""Pawn Shops""""",Shopping
"444:?""""British""""","""""British""""",Restaurants
"445:?""""Employment Law""""","""""Employment Law""""",other
"446:?""""Business Law""""","""""Business Law""""",other
"447:?""""Paint Stores""""","""""Paint Stores""""",Shopping
"448:?""""Permanent Makeup""""","""""Permanent Makeup""""",Beauty & Fitness
"449:?""""Solar Installation""""","""""Solar Installation""""",Home & Local Services
"450:?""""Estate Planning Law""""","""""Estate Planning Law""""",other
"451:?""""Kosher""""","""""Kosher""""",Restaurants
"452:?""""Party Equipment Rentals""""","""""Party Equipment Rentals""""","Arts, Entertainment & Events"
"453:?""""Psychics \u0026 Astrologers""""","""""Psychics \u0026 Astrologers""""",Health
"454:?""""Tai Chi""""","""""Tai Chi""""",Beauty & Fitness
"455:?""""Maternity Wear""""","""""Maternity Wear""""",Shopping
"456:?""""Baby Gear \u0026 Furniture""""","""""Baby Gear \u0026 Furniture""""",Shopping
"457:?""""Home Theatre Installation""""","""""Home Theatre Installation""""",Home & Local Services
"458:?""""Wigs""""","""""Wigs""""",Beauty & Fitness
"459:?""""Bike Repair/Maintenance""""","""""Bike Repair/Maintenance""""",Beauty & Fitness
"460:?""""Makeup Artists""""","""""Makeup Artists""""",Beauty & Fitness
"461:?""""Windows Installation""""","""""Windows Installation""""",Home & Local Services
"462:?""""Armenian""""","""""Armenian""""",Restaurants
"463:?""""Cupcakes""""","""""Cupcakes""""",Restaurants
"464:?""""Diagnostic Services""""","""""Diagnostic Services""""",Health
"465:?""""Diagnostic Imaging""""","""""Diagnostic Imaging""""",Health
"466:?""""Marketing""""","""""Marketing""""",other
"467:?""""Speech Therapists""""","""""Speech Therapists""""",Health
"468:?""""Occupational Therapy""""","""""Occupational Therapy""""",Health
"469:?""""Dog Walkers""""","""""Dog Walkers""""",Home & Local Services
"470:?""""Sports Medicine""""","""""Sports Medicine""""",Beauty & Fitness
"471:?""""Data Recovery""""","""""Data Recovery""""",other
"472:?""""IT Services \u0026 Computer Repair""""","""""IT Services \u0026 Computer Repair""""",other
"473:?""""Gold Buyers""""","""""Gold Buyers""""",Shopping
"474:?""""Vitamins \u0026 Supplements""""","""""Vitamins \u0026 Supplements""""",Health
"475:?""""Leather Goods""""","""""Leather Goods""""",Shopping
"476:?""""Advertising""""","""""Advertising""""",other
"477:?""""Couriers \u0026 Delivery Services""""","""""Couriers \u0026 Delivery Services""""",Home & Local Services
"478:?""""Dance Studios""""","""""Dance Studios""""","Arts, Entertainment & Events"
"479:?""""Vegan""""","""""Vegan""""",Restaurants
"480:?""""Hawaiian""""","""""Hawaiian""""",Restaurants
"481:?""""Shaved Ice""""","""""Shaved Ice""""",Restaurants
"482:?""""Tree Services""""","""""Tree Services""""",Home & Local Services
"483:?""""Ticket Sales""""","""""Ticket Sales""""",Shopping
"484:?""""Motorcycle Repair""""","""""Motorcycle Repair""""",Auto
"485:?""""Cuban""""","""""Cuban""""",Restaurants
"486:?""""Allergists""""","""""Allergists""""",Health
"487:?""""Gastropubs""""","""""Gastropubs""""",Nightlife
"488:?""""Cycling Classes""""","""""Cycling Classes""""","Arts, Entertainment & Events"
"489:?""""Fertility""""","""""Fertility""""",Health
"490:?""""Wheel \u0026 Rim Repair""""","""""Wheel \u0026 Rim Repair""""",Auto
"491:?""""Pool Cleaners""""","""""Pool Cleaners""""",Home & Local Services
"492:?""""Photographers""""","""""Photographers""""",Shopping
"493:?""""Event Photography""""","""""Event Photography""""","Arts, Entertainment & Events"
"494:?""""Religious Schools""""","""""Religious Schools""""",Education
"495:?""""Emergency Rooms""""","""""Emergency Rooms""""",Health
"496:?""""Retirement Homes""""","""""Retirement Homes""""",Home & Local Services
"497:?""""Food Banks""""","""""Food Banks""""",Restaurants
"498:?""""Periodontists""""","""""Periodontists""""",Health
"499:?""""Magicians""""","""""Magicians""""","Arts, Entertainment & Events"
"500:?""""Knife Sharpening""""","""""Knife Sharpening""""",Shopping
"501:?""""Hats""""","""""Hats""""",Shopping
"502:?""""Motorcycle Gear""""","""""Motorcycle Gear""""",Auto
"503:?""""Auto Loan Providers""""","""""Auto Loan Providers""""",Auto
"504:?""""Glass \u0026 Mirrors""""","""""Glass \u0026 Mirrors""""",Home & Local Services
"505:?""""Financial Advising""""","""""Financial Advising""""",other
"506:?""""Russian""""","""""Russian""""",Restaurants
"507:?""""Radiologists""""","""""Radiologists""""",Health
"508:?""""Laboratory Testing""""","""""Laboratory Testing""""",Health
"509:?""""Personal Injury Law""""","""""Personal Injury Law""""",Health
"510:?""""Bankruptcy Law""""","""""Bankruptcy Law""""",other
"511:?""""Ski Resorts""""","""""Ski Resorts""""","Arts, Entertainment & Events"
"512:?""""Golf Equipment""""","""""Golf Equipment""""","Arts, Entertainment & Events"
"513:?""""Interior Design""""","""""Interior Design""""",Home & Local Services
"514:?""""Boat Dealers""""","""""Boat Dealers""""",Shopping
"515:?""""Pool \u0026 Hot Tub Service""""","""""Pool \u0026 Hot Tub Service""""",Home & Local Services
"516:?""""Paintball""""","""""Paintball""""","Arts, Entertainment & Events"
"517:?""""Metal Fabricators""""","""""Metal Fabricators""""",other
"518:?""""Bespoke Clothing""""","""""Bespoke Clothing""""",Shopping
"519:?""""Pretzels""""","""""Pretzels""""",Restaurants
"520:?""""Home Health Care""""","""""Home Health Care""""",Health
"521:?""""RV Repair""""","""""RV Repair""""",Auto
"522:?""""Machine \u0026 Tool Rental""""","""""Machine \u0026 Tool Rental""""",other
"523:?""""Gymnastics""""","""""Gymnastics""""",Beauty & Fitness
"524:?""""Concept Shops""""","""""Concept Shops""""",Shopping
"525:?""""Christmas Trees""""","""""Christmas Trees""""",Shopping
"526:?""""Pool \u0026 Billiards""""","""""Pool \u0026 Billiards""""","Arts, Entertainment & Events"
"527:?""""Powder Coating""""","""""Powder Coating""""",Home & Local Services
"528:?""""Airlines""""","""""Airlines""""",Travel & Hotel
"529:?""""Firewood""""","""""Firewood""""",Home & Local Services
"530:?""""Fruits \u0026 Veggies""""","""""Fruits \u0026 Veggies""""",Shopping
"531:?""""Fences \u0026 Gates""""","""""Fences \u0026 Gates""""",Home & Local Services
"532:?""""Fireplace Services""""","""""Fireplace Services""""",Home & Local Services
"533:?""""Insulation Installation""""","""""Insulation Installation""""",Home & Local Services
"534:?""""Horse Racing""""","""""Horse Racing""""",Beauty & Fitness
"535:?""""Gardeners""""","""""Gardeners""""",Home & Local Services
"536:?""""Chimney Sweeps""""","""""Chimney Sweeps""""",Home & Local Services
"537:?""""Masonry/Concrete""""","""""Masonry/Concrete""""",Home & Local Services
"538:?""""Water Delivery""""","""""Water Delivery""""",Home & Local Services
"539:?""""Utilities""""","""""Utilities""""",Home & Local Services
"540:?""""Playgrounds""""","""""Playgrounds""""",Beauty & Fitness
"541:?""""Resorts""""","""""Resorts""""",Beauty & Fitness
"542:?""""Diving""""","""""Diving""""",Beauty & Fitness
"543:?""""Urologists""""","""""Urologists""""",Health
"544:?""""Window Washing""""","""""Window Washing""""",Home & Local Services
"545:?""""Outlet Stores""""","""""Outlet Stores""""",Shopping
"546:?""""Rheumatologists""""","""""Rheumatologists""""",Health
"547:?""""Scuba Diving""""","""""Scuba Diving""""",Beauty & Fitness
"548:?""""Telecommunications""""","""""Telecommunications""""",Shopping
"549:?""""Door Sales/Installation""""","""""Door Sales/Installation""""",Shopping
"550:?""""Dive Shops""""","""""Dive Shops""""",Shopping
"551:?""""Laser Tag""""","""""Laser Tag""""","Arts, Entertainment & Events"
"552:?""""Seafood Markets""""","""""Seafood Markets""""",Restaurants
"553:?""""Blood \u0026 Plasma Donation Centers""""","""""Blood \u0026 Plasma Donation Centers""""",Health
"554:?""""Audiologist""""","""""Audiologist""""",Health
"555:?""""Water Purification Services""""","""""Water Purification Services""""",Home & Local Services
"556:?""""RV Rental""""","""""RV Rental""""",Travel & Hotel
"557:?""""Rehabilitation Center""""","""""Rehabilitation Center""""",Health
"558:?""""Departments of Motor Vehicles""""","""""Departments of Motor Vehicles""""",Auto
"559:?""""Damage Restoration""""","""""Damage Restoration""""",Home & Local Services
"560:?""""Home Window Tinting""""","""""Home Window Tinting""""",Home & Local Services
"561:?""""Auction Houses""""","""""Auction Houses""""",Shopping
"562:?""""RV Dealers""""","""""RV Dealers""""",Auto
"563:?""""Gelato""""","""""Gelato""""",Restaurants
"564:?""""Halal""""","""""Halal""""",Restaurants
"565:?""""Session Photography""""","""""Session Photography""""",Shopping
"566:?""""Dim Sum""""","""""Dim Sum""""",Restaurants
"567:?""""Driving Schools""""","""""Driving Schools""""",Auto
"568:?""""Painters""""","""""Painters""""",Home & Local Services
"569:?""""Archery""""","""""Archery""""","Arts, Entertainment & Events"
"570:?""""Shutters""""","""""Shutters""""",Travel & Hotel
"571:?""""Filipino""""","""""Filipino""""",Restaurants
"572:?""""Batting Cages""""","""""Batting Cages""""","Arts, Entertainment & Events"
"573:?""""Orthotics""""","""""Orthotics""""",Health
"574:?""""Tutoring Centers""""","""""Tutoring Centers""""",Education
"575:?""""Mountain Biking""""","""""Mountain Biking""""",Beauty & Fitness
"576:?""""Propane""""","""""Propane""""",Home & Local Services
"577:?""""Handyman""""","""""Handyman""""",Home & Local Services
"578:?""""Commercial Real Estate""""","""""Commercial Real Estate""""",other
"579:?""""Rafting/Kayaking""""","""""Rafting/Kayaking""""","Arts, Entertainment & Events"
"580:?""""Vacation Rentals""""","""""Vacation Rentals""""","Arts, Entertainment & Events"
"581:?""""Cooking Classes""""","""""Cooking Classes""""",Education
"582:?""""Shared Office Spaces""""","""""Shared Office Spaces""""",other
"583:?""""Childproofing""""","""""Childproofing""""",Home & Local Services
"584:?""""Embroidery \u0026 Crochet""""","""""Embroidery \u0026 Crochet""""",Beauty & Fitness
"585:?""""Nutritionists""""","""""Nutritionists""""",Health
"586:?""""Anesthesiologists""""","""""Anesthesiologists""""",Health
"587:?""""Casinos""""","""""Casinos""""",Nightlife
"588:?""""Test Preparation""""","""""Test Preparation""""",other
"589:?""""Surgeons""""","""""Surgeons""""",Health
"590:?""""Endocrinologists""""","""""Endocrinologists""""",Health
"591:?""""Web Design""""","""""Web Design""""",Shopping
"592:?""""Naturopathic/Holistic""""","""""Naturopathic/Holistic""""",Health
"593:?""""Shredding Services""""","""""Shredding Services""""",Home & Local Services
"594:?""""Buses""""","""""Buses""""",Travel & Hotel
"595:?""""Hot Air Balloons""""","""""Hot Air Balloons""""","Arts, Entertainment & Events"
"596:?""""Pasta Shops""""","""""Pasta Shops""""",Shopping
"597:?""""Home Organization""""","""""Home Organization""""",Home & Local Services
"598:?""""Officiants""""","""""Officiants""""",other
"599:?""""Mongolian""""","""""Mongolian""""",Restaurants
"600:?""""Cosmetology Schools""""","""""Cosmetology Schools""""",Beauty & Fitness
"601:?""""Hearing Aid Providers""""","""""Hearing Aid Providers""""",Health
"602:?""""Mailbox Centers""""","""""Mailbox Centers""""",Home & Local Services
"603:?""""Massage Schools""""","""""Massage Schools""""",Education
"604:?""""Criminal Defense Law""""","""""Criminal Defense Law""""",other
"605:?""""DUI Law""""","""""DUI Law""""",Auto
"606:?""""Registration Services""""","""""Registration Services""""",Home & Local Services
"607:?""""Dialysis Clinics""""","""""Dialysis Clinics""""",Health
"608:?""""Synagogues""""","""""Synagogues""""",Health
"609:?""""Brewing Supplies""""","""""Brewing Supplies""""",Nightlife
"610:?""""Architects""""","""""Architects""""",Home & Local Services
"611:?""""Aquariums""""","""""Aquariums""""","Arts, Entertainment & Events"
"612:?""""Bingo Halls""""","""""Bingo Halls""""","Arts, Entertainment & Events"
"613:?""""Smog Check Stations""""","""""Smog Check Stations""""",Home & Local Services
"614:?""""Junk Removal \u0026 Hauling""""","""""Junk Removal \u0026 Hauling""""",Home & Local Services
"615:?""""Flight Instruction""""","""""Flight Instruction""""",Travel & Hotel
"616:?""""Boot Camps""""","""""Boot Camps""""",Beauty & Fitness
"617:?""""Video/Film Production""""","""""Video/Film Production""""",Shopping
"618:?""""Oncologist""""","""""Oncologist""""",Health
"619:?""""Office Cleaning""""","""""Office Cleaning""""",Home & Local Services
"620:?""""Colombian""""","""""Colombian""""",Restaurants
"621:?""""Language Schools""""","""""Language Schools""""",Education
"622:?""""Motorcycle Rental""""","""""Motorcycle Rental""""",Auto
"623:?""""Customized Merchandise""""","""""Customized Merchandise""""",Shopping
"624:?""""Golf Equipment Shops""""","""""Golf Equipment Shops""""",Shopping
"625:?""""Oxygen Bars""""","""""Oxygen Bars""""",Beauty & Fitness
"626:?""""Wedding Chapels""""","""""Wedding Chapels""""","Arts, Entertainment & Events"
"627:?""""Bartending Schools""""","""""Bartending Schools""""",Education
"628:?""""Appraisal Services""""","""""Appraisal Services""""",other
"629:?""""Hostels""""","""""Hostels""""",Travel & Hotel
"630:?""""Butcher""""","""""Butcher""""",Shopping
"631:?""""High Fidelity Audio Equipment""""","""""High Fidelity Audio Equipment""""",Shopping
"632:?""""Security Services""""","""""Security Services""""",Home & Local Services
"633:?""""Water Heater Installation/Repair""""","""""Water Heater Installation/Repair""""",Home & Local Services
"634:?""""Talent Agencies""""","""""Talent Agencies""""",other
"635:?""""Skate Parks""""","""""Skate Parks""""","Arts, Entertainment & Events"
"636:?""""Art Classes""""","""""Art Classes""""",Education
"637:?""""Public Relations""""","""""Public Relations""""",other
"638:?""""Argentine""""","""""Argentine""""",Restaurants
"639:?""""Nanny Services""""","""""Nanny Services""""",Home & Local Services
"640:?""""Soccer""""","""""Soccer""""",Beauty & Fitness
"641:?""""Trophy Shops""""","""""Trophy Shops""""",Shopping
"642:?""""Cantonese""""","""""Cantonese""""",Restaurants
"643:?""""Check Cashing/Pay-day Loans""""","""""Check Cashing/Pay-day Loans""""",Home & Local Services
"644:?""""Debt Relief Services""""","""""Debt Relief Services""""",Home & Local Services
"645:?""""Street Vendors""""","""""Street Vendors""""",Shopping
"646:?""""Photo Booth Rentals""""","""""Photo Booth Rentals""""",Shopping
"647:?""""Belgian""""","""""Belgian""""",Restaurants
"648:?""""Cambodian""""","""""Cambodian""""",Restaurants
"649:?""""Hungarian""""","""""Hungarian""""",Restaurants
"650:?""""Szechuan""""","""""Szechuan""""",Restaurants
"651:?""""Bubble Tea""""","""""Bubble Tea""""",Restaurants
"652:?""""Engraving""""","""""Engraving""""",Shopping
"653:?""""Wineries""""","""""Wineries""""",Nightlife
"654:?""""Tattoo Removal""""","""""Tattoo Removal""""",Beauty & Fitness
"655:?""""Vape Shops""""","""""Vape Shops""""",Shopping
"656:?""""Aquarium Services""""","""""Aquarium Services""""",Shopping
"657:?""""Laotian""""","""""Laotian""""",Restaurants
"658:?""""African""""","""""African""""",Restaurants
"659:?""""Plus Size Fashion""""","""""Plus Size Fashion""""",Shopping
"660:?""""Basque""""","""""Basque""""",Restaurants
"661:?""""Fireworks""""","""""Fireworks""""",Shopping
"662:?""""Beer Bar""""","""""Beer Bar""""",Nightlife
"663:?""""Head Shops""""","""""Head Shops""""",Shopping
"664:?""""Himalayan/Nepalese""""","""""Himalayan/Nepalese""""",Restaurants
"665:?""""Moroccan""""","""""Moroccan""""",Restaurants
"666:?""""Falafel""""","""""Falafel""""",Restaurants
"667:?""""Indonesian""""","""""Indonesian""""",Restaurants
"668:?""""Turkish""""","""""Turkish""""",Restaurants
"669:?""""Afghan""""","""""Afghan""""",Restaurants
"670:?""""CPR Classes""""","""""CPR Classes""""",Education
"671:?""""Supper Clubs""""","""""Supper Clubs""""","Arts, Entertainment & Events"
"672:?""""Fire Protection Services""""","""""Fire Protection Services""""",Home & Local Services
"673:?""""Piano Stores""""","""""Piano Stores""""",Shopping
"674:?""""Farm Equipment Repair""""","""""Farm Equipment Repair""""",Shopping
"675:?""""Boxing""""","""""Boxing""""",Beauty & Fitness
"676:?""""Fishing""""","""""Fishing""""","Arts, Entertainment & Events"
"677:?""""Irrigation""""","""""Irrigation""""",Home & Local Services
"678:?""""Pharmacy""""","""""Pharmacy""""",Health
"679:?""""Food Stands""""","""""Food Stands""""",Restaurants
"680:?""""CSA""""","""""CSA""""",Restaurants
"681:?""""Modern European""""","""""Modern European""""",Restaurants
"682:?""""Piano Services""""","""""Piano Services""""",Home & Local Services
"683:?""""Private Investigation""""","""""Private Investigation""""",other
"684:?""""Legal Services""""","""""Legal Services""""",other
"685:?""""Lakes""""","""""Lakes""""",Travel & Hotel
"686:?""""Trampoline Parks""""","""""Trampoline Parks""""","Arts, Entertainment & Events"
"687:?""""Horse Boarding""""","""""Horse Boarding""""",Beauty & Fitness
"688:?""""Septic Services""""","""""Septic Services""""",Home & Local Services
"689:?""""Proctologists""""","""""Proctologists""""",Health
"690:?""""Hindu Temples""""","""""Hindu Temples""""",other
"691:?""""Medical Transportation""""","""""Medical Transportation""""",Health
"692:?""""Refinishing Services""""","""""Refinishing Services""""",Home & Local Services
"693:?""""Furniture Assembly""""","""""Furniture Assembly""""",Home & Local Services
"694:?""""Pressure Washers""""","""""Pressure Washers""""",Home & Local Services
"695:?""""Water Parks""""","""""Water Parks""""","Arts, Entertainment & Events"
"696:?""""Jet Skis""""","""""Jet Skis""""","Arts, Entertainment & Events"
"697:?""""Sleep Specialists""""","""""Sleep Specialists""""",Health
"698:?""""Police Departments""""","""""Police Departments""""",Home & Local Services
"699:?""""Personal Shopping""""","""""Personal Shopping""""",Shopping
"700:?""""Countertop Installation""""","""""Countertop Installation""""",Home & Local Services
"701:?""""Mobile Phone Repair""""","""""Mobile Phone Repair""""",Shopping
"702:?""""Fire Departments""""","""""Fire Departments""""",Home & Local Services
"703:?""""Drywall Installation \u0026 Repair""""","""""Drywall Installation \u0026 Repair""""",Home & Local Services
"704:?""""Health Retreats""""","""""Health Retreats""""",Health
"705:?""""Bartenders""""","""""Bartenders""""",Nightlife
"706:?""""Livestock Feed \u0026 Supply""""","""""Livestock Feed \u0026 Supply""""",Shopping
"707:?""""Horse Equipment Shops""""","""""Horse Equipment Shops""""",Shopping
"708:?""""Bail Bondsmen""""","""""Bail Bondsmen""""",Home & Local Services
"709:?""""General Litigation""""","""""General Litigation""""",other
"710:?""""Irish Pub""""","""""Irish Pub""""",Nightlife
"711:?""""Saunas""""","""""Saunas""""",Beauty & Fitness
"712:?""""Investing""""","""""Investing""""",other
"713:?""""Trains""""","""""Trains""""",Travel & Hotel
"714:?""""Skydiving""""","""""Skydiving""""","Arts, Entertainment & Events"
"715:?""""Pulmonologist""""","""""Pulmonologist""""",Health
"716:?""""Blow Dry/Out Services""""","""""Blow Dry/Out Services""""",Beauty & Fitness
"717:?""""Currency Exchange""""","""""Currency Exchange""""",Travel & Hotel
"718:?""""Brazilian""""","""""Brazilian""""",Restaurants
"719:?""""Matchmakers""""","""""Matchmakers""""",other
"720:?""""Hospice""""","""""Hospice""""",Health
"721:?""""Nurse Practitioner""""","""""Nurse Practitioner""""",Health
"722:?""""Gerontologists""""","""""Gerontologists""""",Health
"723:?""""Personal Chefs""""","""""Personal Chefs""""",Restaurants
"724:?""""Food Court""""","""""Food Court""""",Restaurants
"725:?""""Malaysian""""","""""Malaysian""""",Restaurants
"726:?""""Dog Parks""""","""""Dog Parks""""","Arts, Entertainment & Events"
"727:?""""Piano Bars""""","""""Piano Bars""""",Nightlife
"728:?""""Coffeeshops""""","""""Coffeeshops""""",Restaurants
"729:?""""Hot Pot""""","""""Hot Pot""""",Restaurants
"730:?""""Burmese""""","""""Burmese""""",Restaurants
"731:?""""Macarons""""","""""Macarons""""",Restaurants
"732:?""""Ramen""""","""""Ramen""""",Restaurants
"733:?""""Disc Golf""""","""""Disc Golf""""","Arts, Entertainment & Events"
"734:?""""Live/Raw Food""""","""""Live/Raw Food""""",Restaurants
"735:?""""Empanadas""""","""""Empanadas""""",Restaurants
"736:?""""Art Restoration""""","""""Art Restoration""""","Arts, Entertainment & Events"
"737:?""""Marinas""""","""""Marinas""""",Travel & Hotel
"738:?""""Private Tutors""""","""""Private Tutors""""",Travel & Hotel
"739:?""""Recording \u0026 Rehearsal Studios""""","""""Recording \u0026 Rehearsal Studios""""","Arts, Entertainment & Events"
"740:?""""Vehicle Shipping""""","""""Vehicle Shipping""""",Auto
"741:?""""Prosthetics""""","""""Prosthetics""""",Health
"742:?""""Gutter Services""""","""""Gutter Services""""",Home & Local Services
"743:?""""Bistros""""","""""Bistros""""",Restaurants
"744:?""""Lactation Services""""","""""Lactation Services""""",Health
"745:?""""Valet Services""""","""""Valet Services""""",Shopping
"746:?""""Uzbek""""","""""Uzbek""""",Restaurants
"747:?""""Immigration Law""""","""""Immigration Law""""",other
"748:?""""Auto Insurance""""","""""Auto Insurance""""",Auto
"749:?""""Home \u0026 Rental Insurance""""","""""Home \u0026 Rental Insurance""""",Home & Local Services
"750:?""""Life Insurance""""","""""Life Insurance""""",other
"751:?""""Courthouses""""","""""Courthouses""""",Home & Local Services
"752:?""""Clowns""""","""""Clowns""""","Arts, Entertainment & Events"
"753:?""""Teppanyaki""""","""""Teppanyaki""""",Restaurants
"754:?""""Spine Surgeons""""","""""Spine Surgeons""""",Health
"755:?""""Races \u0026 Competitions""""","""""Races \u0026 Competitions""""",Beauty & Fitness
"756:?""""Musicians""""","""""Musicians""""","Arts, Entertainment & Events"
"757:?""""Brasseries""""","""""Brasseries""""",Restaurants
"758:?""""Singaporean""""","""""Singaporean""""",Restaurants
"759:?""""Champagne Bars""""","""""Champagne Bars""""",Nightlife
"760:?""""Planetarium""""","""""Planetarium""""",Home & Local Services
"761:?""""Observatories""""","""""Observatories""""","Arts, Entertainment & Events"
"762:?""""Food Tours""""","""""Food Tours""""",Restaurants
"763:?""""Personal Assistants""""","""""Personal Assistants""""",other
"764:?""""Pedicabs""""","""""Pedicabs""""",Travel & Hotel
"765:?""""Car Share Services""""","""""Car Share Services""""",Travel & Hotel
"766:?""""Scandinavian""""","""""Scandinavian""""",Restaurants
"767:?""""Canadian (New)""""","""""Canadian (New)""""",Restaurants
"768:?""""Poutineries""""","""""Poutineries""""",Restaurants
"769:?""""Delicatessen""""","""""Delicatessen""""",Restaurants
"770:?""""Chicken Shop""""","""""Chicken Shop""""",Restaurants
"771:?""""Used Bookstore""""","""""Used Bookstore""""",Shopping
"772:?""""Haitian""""","""""Haitian""""",Restaurants
"773:?""""Arabian""""","""""Arabian""""",Restaurants
"774:?""""Austrian""""","""""Austrian""""",Restaurants
"775:?""""Czech""""","""""Czech""""",Restaurants
"776:?""""Slovakian""""","""""Slovakian""""",Restaurants
"777:?""""Bangladeshi""""","""""Bangladeshi""""",Restaurants
"778:?""""Egyptian""""","""""Egyptian""""",Restaurants
"779:?""""Hypnosis/Hypnotherapy""""","""""Hypnosis/Hypnotherapy""""",Health
"780:?""""Videographers""""","""""Videographers""""",Shopping
"781:?""""Dominican""""","""""Dominican""""",Restaurants
"782:?""""Challenge Courses""""","""""Challenge Courses""""",Beauty & Fitness
"783:?""""Vacation Rental Agents""""","""""Vacation Rental Agents""""",Travel & Hotel
"784:?""""Scottish""""","""""Scottish""""",Restaurants
"785:?""""Patisserie/Cake Shop""""","""""Patisserie/Cake Shop""""",Restaurants
"786:?""""Guest Houses""""","""""Guest Houses""""",Travel & Hotel
"787:?""""Flowers""""","""""Flowers""""",Shopping
"788:?""""Osteopathic Physicians""""","""""Osteopathic Physicians""""",Health
"789:?""""Pub Food""""","""""Pub Food""""",Nightlife
"790:?""""Face Painting""""","""""Face Painting""""","Arts, Entertainment & Events"
"791:?""""Colonics""""","""""Colonics""""",Health
"792:?""""Barre Classes""""","""""Barre Classes""""",Beauty & Fitness
"793:?""""Farming Equipment""""","""""Farming Equipment""""",Home & Local Services
"794:?""""Translation Services""""","""""Translation Services""""",other
"795:?""""Doulas""""","""""Doulas""""",Health
"796:?""""Carpenters""""","""""Carpenters""""",Home & Local Services
"797:?""""Henna Artists""""","""""Henna Artists""""","Arts, Entertainment & Events"
"798:?""""Mosques""""","""""Mosques""""",other
"799:?""""Cannabis Clinics""""","""""Cannabis Clinics""""",Health
"800:?""""Distilleries""""","""""Distilleries""""",Nightlife
"801:?""""Meditation Centers""""","""""Meditation Centers""""",Health
"802:?""""Sugaring""""","""""Sugaring""""",Beauty & Fitness
"803:?""""Teeth Whitening""""","""""Teeth Whitening""""",Beauty & Fitness
"804:?""""Assisted Living Facilities""""","""""Assisted Living Facilities""""",Home & Local Services
"805:?""""Special Education""""","""""Special Education""""",Education
"806:?""""Mobile Phone Accessories""""","""""Mobile Phone Accessories""""",Shopping
"807:?""""Nursing Schools""""","""""Nursing Schools""""",Education
"808:?""""Surf Shop""""","""""Surf Shop""""",Shopping
"809:?""""Psychologists""""","""""Psychologists""""",Health
"810:?""""ATV Rentals/Tours""""","""""ATV Rentals/Tours""""",Travel & Hotel
"811:?""""Party Bus Rentals""""","""""Party Bus Rentals""""","Arts, Entertainment & Events"
"812:?""""Puerto Rican""""","""""Puerto Rican""""",Restaurants
"813:?""""Business Consulting""""","""""Business Consulting""""",other
"814:?""""Australian""""","""""Australian""""",Restaurants
"815:?""""Rolfing""""","""""Rolfing""""",Health
"816:?""""Ukrainian""""","""""Ukrainian""""",Restaurants
"817:?""""Sri Lankan""""","""""Sri Lankan""""",Restaurants
"818:?""""Christmas Markets""""","""""Christmas Markets""""",Shopping
"819:?""""Bus Tours""""","""""Bus Tours""""",Travel & Hotel
"820:?""""Home Staging""""","""""Home Staging""""",Home & Local Services
"821:?""""Beer Garden""""","""""Beer Garden""""","Arts, Entertainment & Events"
"822:?""""Baden""""","""""Baden""""",Restaurants
"823:?""""International""""","""""International""""",Restaurants
"824:?""""Beer Gardens""""","""""Beer Gardens""""","Arts, Entertainment & Events"
"825:?""""Beverage Store""""","""""Beverage Store""""",Shopping
"826:?""""Backshop""""","""""Backshop""""",Shopping
"827:?""""Serbo Croatian""""","""""Serbo Croatian""""",Restaurants
"828:?""""Ethnic Grocery""""","""""Ethnic Grocery""""",Shopping
"829:?""""Kebab""""","""""Kebab""""",Restaurants
"830:?""""Public Plazas""""","""""Public Plazas""""",other
"831:?""""Perfume""""","""""Perfume""""",Shopping
"832:?""""Alsatian""""","""""Alsatian""""",Restaurants
"833:?""""Castles""""","""""Castles""""",Travel & Hotel
"834:?""""Airport Lounges""""","""""Airport Lounges""""",other
"835:?""""Historical Tours""""","""""Historical Tours""""",Travel & Hotel
"836:?""""Walking Tours""""","""""Walking Tours""""","Arts, Entertainment & Events"
"837:?""""Estate Liquidation""""","""""Estate Liquidation""""",other
"838:?""""Paddleboarding""""","""""Paddleboarding""""","Arts, Entertainment & Events"
"839:?""""Oriental""""","""""Oriental""""",Restaurants
"840:?""""Shanghainese""""","""""Shanghainese""""",Restaurants
"841:?""""Childbirth Education""""","""""Childbirth Education""""",Education
"842:?""""Community Gardens""""","""""Community Gardens""""","Arts, Entertainment & Events"
"843:?""""Venezuelan""""","""""Venezuelan""""",Restaurants
"844:?""""Wine Tasting Room""""","""""Wine Tasting Room""""",Nightlife
"845:?""""Paint \u0026 Sip""""","""""Paint \u0026 Sip""""",Home & Local Services
"846:?""""Bavarian""""","""""Bavarian""""",Restaurants
"847:?""""Party Bike Rentals""""","""""Party Bike Rentals""""","Arts, Entertainment & Events"
"848:?""""Hang Gliding""""","""""Hang Gliding""""","Arts, Entertainment & Events"
"849:?""""Demolition Services""""","""""Demolition Services""""",Home & Local Services
"850:?""""Caricatures""""","""""Caricatures""""","Arts, Entertainment & Events"
"851:?""""Tasting Classes""""","""""Tasting Classes""""",Education
"852:?""""Wine Tasting Classes""""","""""Wine Tasting Classes""""",Education
"853:?""""Iberian""""","""""Iberian""""",Restaurants
"854:?""""Firearm Training""""","""""Firearm Training""""",Education
"855:?""""Home Automation""""","""""Home Automation""""",Home & Local Services
"856:?""""Coffee \u0026 Tea Supplies""""","""""Coffee \u0026 Tea Supplies""""",Restaurants
"857:?""""IP \u0026 Internet Law""""","""""IP \u0026 Internet Law""""",other
"858:?""""Bike Sharing""""","""""Bike Sharing""""",Travel & Hotel
"859:?""""Yelp Events""""","""""Yelp Events""""","Arts, Entertainment & Events"
"860:?""""Curry Sausage""""","""""Curry Sausage""""",Restaurants
"861:?""""Pumpkin Patches""""","""""Pumpkin Patches""""","Arts, Entertainment & Events"
"862:?""""Fitness/Exercise Equipment""""","""""Fitness/Exercise Equipment""""",Beauty & Fitness
"863:?""""Software Development""""","""""Software Development""""",other
"864:?""""Rhinelandian""""","""""Rhinelandian""""",Restaurants
"865:?""""Donairs""""","""""Donairs""""",Restaurants
"866:?""""General Festivals""""","""""General Festivals""""","Arts, Entertainment & Events"
"867:?""""Beer Hall""""","""""Beer Hall""""",Nightlife
"868:?""""Wine Tours""""","""""Wine Tours""""","Arts, Entertainment & Events"
"869:?""""Eastern European""""","""""Eastern European""""",Restaurants
"870:?""""Basketball Courts""""","""""Basketball Courts""""",Beauty & Fitness
"871:?""""Wok""""","""""Wok""""",Restaurants
"872:?""""Unofficial Yelp Events""""","""""Unofficial Yelp Events""""","Arts, Entertainment & Events"
"873:?""""Trinidadian""""","""""Trinidadian""""",Restaurants
"874:?""""Swiss Food""""","""""Swiss Food""""",Restaurants
"875:?""""Ferries""""","""""Ferries""""","Arts, Entertainment & Events"
"876:?""""Walk-in Clinics""""","""""Walk-in Clinics""""",Health
"877:?""""Lice Services""""","""""Lice Services""""",Health
"878:?""""Pole Dancing Classes""""","""""Pole Dancing Classes""""",Education
"879:?""""Tiling""""","""""Tiling""""",Home & Local Services
"880:?""""Cardio Classes""""","""""Cardio Classes""""",Education
"881:?""""Taxidermy""""","""""Taxidermy""""",other
"882:?""""Day Camps""""","""""Day Camps""""","Arts, Entertainment & Events"
"883:?""""Pita""""","""""Pita""""",Restaurants
"884:?""""Pop-up Shops""""","""""Pop-up Shops""""",Shopping
"885:?""""Tax Law""""","""""Tax Law""""",other
"886:?""""Rest Stops""""","""""Rest Stops""""",Travel & Hotel
"887:?""""College Counseling""""","""""College Counseling""""",Education
"888:?""""Palatine""""","""""Palatine""""",Travel & Hotel
"889:?""""Escape Games""""","""""Escape Games""""","Arts, Entertainment & Events"
"890:?""""Art Tours""""","""""Art Tours""""","Arts, Entertainment & Events"
"891:?""""Editorial Services""""","""""Editorial Services""""",Education
"892:?""""Music Production Services""""","""""Music Production Services""""","Arts, Entertainment & Events"
"893:?""""Parenting Classes""""","""""Parenting Classes""""",Education
"894:?""""House Sitters""""","""""House Sitters""""",Home & Local Services
"895:?""""Kitchen Incubators""""","""""Kitchen Incubators""""",Home & Local Services
"896:?""""Choirs""""","""""Choirs""""","Arts, Entertainment & Events"
